#{"t_start": 1777453399.439731, "env_id": "None"}
r,l,t
-73.505005,62,0.498208
-69.98593,66,0.499784
-69.137375,68,0.500521
-71.004524,71,0.501611
-68.410545,65,0.523715
-67.2209,60,0.52416
-69.118675,69,0.526725
-74.708145,66,0.527486
-72.70945,63,0.548344
-74.3932,67,0.55022
-69.37992,63,0.551322
-71.498825,65,0.552647
-70.40119,63,0.572256
-70.099594,64,0.574589
-70.57903,67,0.578714
-73.10464,74,0.57974
-69.310394,61,0.598153
-72.48821,69,0.599011
-68.941055,60,0.601465
-72.993164,65,0.604017
-66.935036,59,0.621701
-72.57105,65,0.624928
-67.233665,59,0.625323
-67.45401,62,0.628999
-72.0986,64,0.646405
-72.69897,70,0.651648
-72.31438,73,0.653093
-70.28389,62,0.653106
-71.13302,64,0.945186
-77.924805,80,0.946562
-65.6344,64,0.962124
-71.98034,73,0.995533
-67.70126,61,1.219717
-70.09379,62,1.241135
-72.70342,69,1.258016
-71.48685,73,1.318369
-67.03589,59,1.461045
-67.745445,59,1.493484
-70.25415,67,1.508312
-67.92225,69,1.60118
-74.681114,67,1.762679
-71.1947,65,1.822743
-71.39378,70,1.840578
-72.924255,74,1.96488
-71.16177,67,2.069421
-68.186935,64,2.106778
-71.10711,63,2.107471
-69.08189,77,2.375635
-64.96231,68,2.448673
-65.90807,69,2.482573
-76.84568,87,2.578872
-72.28415,76,2.713923
-69.00046,70,2.774796
-67.719475,67,2.791869
-68.02963,67,2.882018
-61.71359,63,3.00481
-71.53998,68,3.071855
-67.85957,69,3.089361
-72.96425,71,3.191781
-74.33086,70,3.300062
-70.43286,63,3.34015
-74.13562,69,3.414455
-75.46277,67,3.482978
-75.20727,69,3.61746
-72.08101,76,3.671147
-70.53187,71,3.705862
-72.70444,76,3.799426
-70.861725,63,3.864393
-71.917336,70,3.96329
-70.02673,63,3.964032
-65.29518,64,4.073993
-66.72399,74,4.190557
-70.60479,61,4.230805
-68.37424,68,4.260355
-73.0411,74,4.385206
-71.225494,70,4.464914
-69.056076,76,4.532091
-67.12685,71,4.546079
-67.11692,64,4.644412
-72.16396,71,4.756488
-75.18971,69,4.828682
-73.71225,77,4.860464
-70.42746,74,4.963116
-67.42586,72,5.096239
-72.27638,71,5.160047
-65.339645,66,5.17679
-67.961586,70,5.286729
-69.715004,68,5.390653
-71.52711,69,5.47046
-70.24847,69,5.486238
-70.20979,73,5.602268
-64.82397,61,5.7185
-73.85789,82,5.757648
-71.44272,79,5.808802
-67.81508,69,5.88915
-67.14188,72,6.059729
-71.71437,70,6.078257
-72.90459,76,6.157113
-68.43174,67,6.202664
-74.49826,71,6.364271
-78.172935,89,6.420854
-69.6211,72,6.456893
-65.64081,70,6.523928
-67.36358,72,6.785636
-66.706085,67,6.803729
-76.648636,98,6.803758
-71.18025,87,6.81994
-67.49049,65,7.081141
-65.44529,67,7.100811
-71.560234,76,7.147364
-72.67519,81,7.162321
-67.08532,70,7.358733
-66.16277,72,7.438767
-67.45633,75,7.456251
-73.87984,90,7.470012
-65.894325,68,7.631243
-68.014015,66,7.697574
-68.592575,70,7.750099
-68.739975,69,7.750124
-67.83653,66,7.928614
-69.058,75,8.025012
-69.734726,68,8.042263
-64.65479,72,8.058669
-67.58532,79,8.245415
-68.210625,69,8.318989
-64.52511,63,8.33361
-70.12514,67,8.333629
-68.96037,65,8.627613
-65.784676,67,8.630104
-72.40872,86,8.64787
-68.40516,71,8.64918
-67.41091,62,8.895475
-66.22504,63,8.913512
-66.85388,63,8.929678
-68.14115,73,8.978226
-66.39421,67,9.195603
-65.47072,66,9.215586
-67.84096,73,9.23452
-70.60577,75,9.304535
-64.09516,67,9.512563
-69.12845,73,9.513827
-63.38508,69,9.548555
-66.1642,76,9.643825
-65.1946,69,9.807102
-67.572044,70,9.822544
-68.124855,71,9.854753
-68.41226,73,10.017787
-68.196884,68,10.176607
-69.351364,76,10.228963
-66.91683,72,10.231517
-68.68509,76,10.368421
-67.23039,74,10.530222
-69.54385,68,10.553449
-67.47034,83,10.623627
-68.792725,76,10.730431
-67.55563,72,10.898026
-67.00442,78,10.89999
-68.79819,81,11.005582
-67.43732,72,11.074942
-64.798904,69,11.207144
-75.6765,86,11.296519
-67.80623,77,11.40155
-64.922676,71,11.427457
-63.36824,63,11.556886
-67.260414,68,11.696286
-63.825855,68,11.774009
-67.635284,73,11.836096
-66.45744,75,11.935349
-65.93342,82,12.172427
-70.68909,103,12.197459
-63.773296,78,12.221261
-64.93192,71,12.292938
-65.427055,76,12.532165
-63.813725,71,12.532196
-64.89626,74,12.566848
-69.34216,74,12.635169
-68.72555,70,12.847643
-71.010574,84,12.899544
-67.152626,69,12.931797
-77.68701,104,13.014774
-60.974903,67,13.132111
-66.70016,72,13.212155
-67.38908,73,13.243951
-68.25542,73,13.323419
-66.407715,73,13.461635
-64.26432,81,13.569755
-64.47096,74,13.584361
-63.171425,73,13.664432
-64.90157,75,13.776822
-66.21393,70,13.881732
-65.00505,77,13.934277
-64.733894,74,14.002262
-62.293427,70,14.11406
-61.309082,77,14.240818
-64.05543,78,14.278048
-65.18888,74,14.328004
-62.54421,69,14.409662
-63.55608,77,14.573061
-62.83829,78,14.607222
-63.137585,80,14.661849
-64.96224,78,14.746384
-68.50339,74,14.8843
-67.050865,75,14.919366
-64.55283,73,14.970115
-63.85672,77,15.074176
-64.376595,72,15.211419
-63.674324,74,15.313427
-64.58179,82,15.449885
-63.900383,80,15.683475
-63.72568,80,15.794507
-66.9594,81,16.014164
-59.149918,71,16.092902
-62.56128,71,16.300177
-62.301563,79,16.410335
-64.553635,78,16.608708
-64.66071,71,16.707922
-61.386322,75,16.923926
-63.206924,80,17.036457
-65.53184,90,17.302249
-63.070896,73,17.336465
-672.9452,600,17.469115
-60.244034,70,17.6487
-66.47914,88,17.699212
-665.4482,600,17.756216
-61.438515,69,17.803563
-63.717377,76,18.010254
-62.355938,81,18.080613
-65.045746,100,18.211346
-64.96834,74,18.327501
-59.63166,73,18.377729
-65.5422,79,18.541631
-67.37659,78,18.659333
-63.227257,74,18.711863
-59.034004,80,18.930122
-64.6142,76,19.00898
-64.99695,76,19.053857
-65.7174,82,19.251408
-61.863255,75,19.318913
-62.12919,83,19.401005
-61.17551,77,19.589256
-63.591915,91,19.707087
-64.26676,79,19.723644
-61.765446,71,19.873757
-63.07662,74,20.001727
-64.03315,75,20.046698
-59.425716,73,20.330673
-61.9676,77,20.366225
-675.94867,600,20.388703
-66.248924,128,20.433882
-63.131676,75,20.680398
-62.114006,73,20.730314
-68.166245,94,20.807652
-62.005215,81,20.807681
-68.11284,78,21.030587
-59.902573,69,21.115841
-68.76555,92,21.132183
-63.932735,81,21.167999
-62.84334,74,21.353973
-63.70268,77,21.461374
-62.89634,74,21.462137
-62.81531,82,21.527729
-63.913643,81,21.713637
-63.08189,79,21.798049
-64.866425,82,21.815683
-65.52984,79,21.873202
-63.991608,85,22.075561
-64.697586,73,22.10962
-65.90538,75,22.140452
-66.0002,78,22.206921
-64.28498,75,22.41298
-73.59632,87,22.430555
-61.589344,74,22.525897
-61.895863,76,22.788673
-68.988014,84,22.806977
-62.326263,72,22.845058
-62.72967,73,23.101545
-62.108116,69,23.152217
-64.39272,86,23.189727
-72.24607,86,23.527246
-63.213123,76,23.527277
-61.298637,74,23.561394
-63.7827,72,23.85234
-64.49477,77,23.885866
-63.35088,76,23.903001
-61.28781,71,24.147335
-67.54961,72,24.195776
-70.342865,81,24.211541
-64.98299,76,24.465039
-63.68077,69,24.500196
-64.70776,76,24.516709
-653.6547,600,24.814553
-65.85189,76,24.81593
-64.29877,76,24.85303
-65.214645,77,24.870572
-66.78186,75,25.120075
-66.77925,74,25.133821
-63.342598,73,25.152835
-63.286125,74,25.183613
-65.363525,72,25.421555
-66.1385,72,25.440964
-64.44721,72,25.464214
-65.32917,76,25.51413
-67.062645,77,25.875878
-67.46944,78,25.877883
-64.574,73,25.901454
-67.98303,83,25.992167
-65.18927,73,26.257406
-64.14939,81,26.273198
-69.7716,83,26.29594
-68.59183,87,26.39595
-66.57592,69,26.550055
-63.610474,71,26.598702
-70.20551,94,26.666602
-66.34418,92,26.776967
-64.68091,72,26.838987
-63.576427,75,26.88632
-65.48286,77,26.982713
-65.60816,77,27.082247
-68.31673,77,27.210431
-68.04889,93,27.212471
-66.31513,74,27.278643
-63.89301,79,27.409767
-62.978146,74,27.52484
-69.270966,98,27.612063
-68.90298,98,27.69655
-66.13175,80,27.747455
-63.630013,76,27.8458
-67.361015,83,27.969066
-61.806263,71,28.077085
-67.09825,91,28.097826
-63.030693,78,28.202565
-68.0601,88,28.364657
-63.459522,72,28.38146
-64.48512,84,28.444901
-68.49933,84,28.544164
-64.82401,76,28.70103
-66.90594,85,28.720042
-65.553276,79,28.782084
-63.05584,74,28.858689
-63.316837,76,29.044471
-63.74705,83,29.062843
-61.784565,78,29.132172
-62.656628,71,29.178921
-62.61472,74,29.350396
-66.23327,77,29.351576
-64.87178,73,29.414154
-66.08353,79,29.477097
-59.499077,69,29.632352
-65.44515,71,29.649286
-63.77973,92,29.791454
-60.55743,85,29.838432
-61.292183,77,29.949766
-62.652687,85,29.992237
-64.12854,83,30.135892
-62.804543,72,30.135918
-62.96662,80,30.290767
-61.86825,76,30.309786
-64.29183,75,30.453271
-61.825356,75,30.453301
-59.9937,76,30.641935
-59.761623,86,30.659526
-61.984886,72,30.756041
-61.952606,78,30.787132
-61.37954,80,30.967443
-57.746857,78,30.983328
-58.798622,83,31.130206
-61.952827,93,31.146522
-59.870525,79,31.295105
-64.15368,88,31.345684
-61.259144,76,31.444252
-63.095272,76,31.46082
-60.790424,82,31.652576
-61.916065,80,31.687792
-59.718185,79,31.771634
-57.620834,75,31.771661
-59.192196,77,31.971913
-59.6428,82,32.023555
-60.783062,75,32.088634
-58.904392,76,32.089351
-58.585365,76,32.283622
-59.913185,75,32.334853
-59.277775,75,32.400613
-57.080673,77,32.401301
-60.249687,82,32.613007
-60.20886,79,32.662463
-57.749157,77,32.713036
-57.601776,80,32.729355
-60.80442,73,32.957817
-59.527084,82,32.957845
-56.65248,82,33.057328
-57.05476,82,33.073825
-59.74425,79,33.28507
-61.912487,84,33.303616
-59.08898,79,33.401326
-58.773766,97,33.45249
-58.704746,77,33.603077
-57.67216,77,33.621546
-57.14012,76,33.719297
-63.43988,102,33.885383
-58.62004,85,33.952533
-58.848022,82,33.969005
-58.315994,86,34.069509
-60.435196,79,34.200269
-57.42839,76,34.279974
-58.265068,82,34.297876
-57.75403,80,34.611436
-58.42149,100,34.613585
-57.111137,84,34.644613
-58.027462,77,34.942806
-56.295685,79,34.961683
-56.536736,91,34.978146
-57.323082,76,35.274753
-56.842075,91,35.309921
-55.41585,95,35.378062
-53.803356,79,35.712692
-60.64269,125,35.838016
-159.83171,167,35.973341
-58.202057,83,36.213141
-58.516163,104,36.487314
-651.97516,600,36.644711
-171.91724,207,36.660816
-53.672707,97,36.677536
-56.070568,87,36.857726
-58.86459,88,37.036062
-58.314575,104,37.074746
-54.859188,114,37.123613
-58.289883,82,37.187031
-57.42871,82,37.360904
-55.09044,81,37.395706
-52.77028,89,37.473991
-123.84265,123,37.690233
-55.799393,112,37.854471
-56.395706,106,37.923862
-54.804176,82,38.03854
-55.869595,92,38.23965
-56.632324,92,38.303684
-56.30612,81,38.371413
-54.24266,89,38.615438
-54.75876,85,38.715231
-58.10512,108,38.746608
-55.034283,80,38.945627
-57.076782,87,39.079283
-56.31739,88,39.112008
-54.962624,101,39.374745
-56.4133,98,39.493337
-191.07115,528,39.560721
-134.28345,127,39.660728
-57.73581,96,39.783423
-62.029316,116,40.052055
-58.092922,97,40.067737
-147.99518,191,40.296907
-133.24013,128,40.31249
-59.309925,108,40.496283
-116.155045,126,40.579047
-62.280838,96,40.69341
-123.27951,130,40.874938
-121.83264,140,41.123522
-58.941242,93,41.124238
-118.494774,128,41.155102
-126.46332,116,41.362116
-120.02873,99,41.521113
-125.63429,103,41.537529
-120.7657,104,41.569476
-62.895668,120,41.867004
-65.448166,101,41.96955
-127.799805,110,42.049994
-137.50168,142,42.116835
-125.21266,118,42.84321
-119.55311,144,42.845136
-62.488228,92,42.879356
-129.07428,102,43.307332
-111.86702,111,43.381482
-122.267136,122,43.383076
-120.45638,112,43.799352
-115.494064,114,43.883322
-116.04735,116,43.88411
-119.211685,114,44.263654
-111.316574,101,44.298248
-112.546875,105,44.313834
-110.490234,92,44.64692
-108.84573,90,44.681315
-112.07139,105,44.746954
-637.1793,600,44.969789
-113.882965,89,45.03498
-133.63554,102,45.070364
-125.93876,99,45.149421
-123.53151,114,45.412926
-109.978714,100,45.429071
-127.495575,108,45.497956
-106.54492,91,45.513489
-109.28247,99,45.850065
-118.10173,117,45.915208
-116.9351,103,45.932338
-126.75471,120,46.017786
-131.35977,96,46.302241
-132.31702,115,46.318084
-113.98998,117,46.405429
-108.369095,99,46.423102
-128.21669,108,46.76508
-129.05858,125,46.938419
-137.92339,128,46.938449
-138.61205,171,47.019289
-129.12772,107,47.17732
-123.848495,95,47.319482
-134.6618,108,47.377855
-108.7705,109,47.491085
-123.46943,110,47.65327
-125.65831,100,47.745352
-115.49814,104,47.809816
-142.06934,111,47.924474
-121.651505,91,48.014978
-126.786545,97,48.126559
-127.284386,91,48.176937
-124.6405,83,48.258161
-119.57698,90,48.369877
-127.45812,100,48.53762
-114.892914,112,48.639277
-111.09618,116,48.754295
-108.62819,112,48.847418
-110.94742,117,49.016922
-108.68257,117,49.11993
-122.784744,108,49.278267
-126.30655,140,49.309773
-112.7955,118,49.510199
-110.354034,117,49.593169
-116.62193,110,49.734736
-112.26473,125,49.817397
-115.706055,111,49.945235
-115.67578,92,49.962039
-128.56018,132,50.285033
-112.92087,121,50.344892
-103.08551,100,50.394473
-112.0538,119,50.470519
-106.053535,100,50.823282
-123.21422,105,50.911519
-143.21643,148,50.97505
-154.39523,169,51.011237
-122.99474,109,51.2916
-111.00563,86,51.343559
-123.40185,106,51.378363
-128.3084,115,51.521227
-132.65321,118,51.816647
-131.52728,111,51.834246
-135.18193,129,51.93698
-129.41785,123,52.039371
-129.10818,129,52.364919
-122.65352,111,52.396856
-138.43192,148,52.433866
-121.26045,102,52.470948
-123.1204,102,52.844041
-128.18346,110,52.844072
-126.30638,121,52.860017
-121.80828,108,52.908546
-117.245834,97,53.256527
-119.33175,102,53.289582
-117.984085,96,53.306653
-121.24494,119,53.342179
-113.404106,113,53.716364
-124.47626,105,53.717077
-121.21145,103,53.73147
-131.34561,116,53.818947
-107.958496,98,54.120364
-117.641525,104,54.168121
-116.8599,117,54.203427
-125.88403,120,54.321054
-116.5822,95,54.513242
-123.595245,100,54.577321
-122.60205,105,54.642198
-120.40022,107,54.759355
-121.67386,100,54.925513
-116.54851,107,55.007245
-114.66106,98,55.039258
-108.05203,90,55.123567
-117.83299,108,55.449741
-122.36205,102,55.464156
-119.40019,134,55.480384
-119.77247,104,55.549053
-112.888466,103,55.889553
-124.80605,110,55.92396
-126.84499,124,56.004047
-123.28771,166,56.252356
-120.232254,106,56.335191
-112.522575,100,56.420878
-121.99698,139,56.507088
-117.127106,106,56.691919
-130.17056,107,56.867159
-127.11991,103,56.940357
-129.02007,160,57.029364
-126.3389,101,57.14495
-124.31326,114,57.357983
-118.759544,117,57.439282
-118.530106,110,57.473671
-126.627335,115,57.607126
-125.625465,110,57.802554
-120.069534,106,57.867748
-128.90408,130,58.017547
-121.797806,103,58.035664
-118.085335,108,58.2474
-138.12508,110,58.326277
-134.87305,116,58.489426
-121.118965,115,58.507413
-132.5028,116,58.719765
-135.67288,107,58.752004
-124.53827,107,58.928493
-125.53541,110,58.947845
-130.3005,103,59.143403
-128.03746,111,59.208681
-130.04404,110,59.371801
-166.56534,121,59.462548
-120.05441,108,59.616319
-126.62256,111,59.693899
-123.98821,106,59.832606
-123.74284,111,59.917347
-123.0438,103,60.024983
-120.88217,102,60.089856
-122.034134,109,60.258397
-122.25089,111,60.354461
-129.70222,116,60.477719
-143.52611,115,60.540903
-120.35368,112,60.699719
-147.21399,118,60.824344
-125.25151,112,60.921464
-125.24242,114,60.997992
-115.062874,102,61.097886
-120.75495,107,61.247419
-117.0346,116,61.391954
-139.87567,117,61.499624
-133.44106,124,61.648997
-145.33264,116,61.775769
-110.145584,118,61.934622
-123.24805,113,62.002407
-127.88292,115,62.154415
-114.28078,121,62.319494
-125.90497,120,62.450378
-118.860886,111,62.480271
-130.56113,114,62.643297
-109.71443,116,62.786158
-102.436935,103,62.896214
-118.18856,128,62.961016
-122.17398,110,63.077039
-120.72327,120,63.274583
-120.54901,146,63.599263
-123.633675,181,63.665179
-118.62746,143,63.696792
-121.32206,199,64.131767
-123.142944,136,64.177378
-126.863174,124,64.228831
-126.66918,202,64.502992
-124.24677,123,64.659928
-124.39009,119,64.691725
-134.19975,156,64.892764
-127.43863,124,65.034593
-132.0092,131,65.209619
-131.1766,155,65.296154
-131.64227,136,65.58984
-116.19209,110,65.666565
-145.48196,247,65.892321
-131.70192,164,66.255639
-133.86823,252,66.31982
-130.64284,162,66.321162
-129.95332,169,66.591204
-124.212776,121,66.837995
-127.87579,128,66.855073
-117.81726,108,67.034828
-137.19043,157,67.482369
-162.05286,332,67.626145
-143.45723,139,68.191607
-168.70274,385,68.416248
-167.88766,414,68.744345
-141.40594,190,69.018026
-134.32422,143,69.353337
-223.2081,587,69.93366
-141.08257,160,70.014566
-165.1421,278,70.164671
-135.57022,172,70.648413
-140.36432,154,70.664856
-156.0033,600,70.946368
-174.25029,290,71.372135
-132.83014,129,71.472254
-154.18033,212,71.519651
-133.72223,147,71.980704
-125.670685,150,72.113956
-138.75923,152,72.16142
-143.10777,170,72.674748
-135.0947,141,72.675893
-132.62193,165,72.824085
-159.46555,600,73.14134
-138.11931,132,73.370367
-145.80547,181,73.422436
-155.07246,214,73.568914
-115.048584,138,74.133578
-157.80475,273,74.544729
-165.64316,307,74.644722
-158.71593,201,74.959441
-132.96133,169,75.342957
-150.69125,206,75.408359
-88.88902,107,75.409641
-169.57323,600,75.626155
-137.80475,155,76.255265
-84.24954,109,76.71296
-103.23004,156,77.358091
-130.44589,600,77.836013
-125.24061,600,77.902233
-113.11342,600,77.902953
-132.64218,278,78.519669
-73.16147,102,78.947044
-129.69481,600,80.349173
-88.43124,600,80.41213
-94.90167,600,80.413427
-68.54251,600,81.464912
-158.76405,600,83.103349
-150.13463,600,83.167079
-613.5486,600,83.168338
-257.73413,484,83.72264
-223.5307,560,87.768227
-197.79276,600,88.00459
-180.8348,600,88.005857
-168.39853,600,88.58893
-120.42825,281,88.948617
-145.10568,271,89.149524
-202.54137,437,89.837276
-241.34445,493,91.015589
-165.42776,600,91.103001
-179.73735,600,91.674047
-612.4876,600,92.363421
-156.72264,600,93.624081
-167.57898,600,93.704071
-122.91631,600,94.266862
-114.28682,158,94.939226
-192.4614,600,94.972726
-71.579926,177,95.669411
-119.124306,600,96.138376
-602.524,600,96.221059
-574.69653,600,97.472873
-622.82166,600,98.177438
-613.7916,600,98.652535
-563.33405,600,98.735958
-206.5029,401,99.87059
-592.20135,600,99.992989
-590.4981,600,101.175147
-619.16455,600,101.259106
-562.98004,600,102.42632
-600.2235,600,102.555177
-100.14725,600,103.745265
-181.31706,600,103.824408
-100.562004,600,104.95626
-144.2603,600,105.068501
-138.95355,600,106.202935
-626.74835,600,106.284939
-641.21625,600,107.407104
-109.79982,600,107.534611
-114.697586,600,108.751753
-97.44997,600,108.834398
-597.16394,600,110.03152
-90.82501,600,110.152628
-613.6806,600,111.312643
-78.81342,600,111.394844
-63.009388,600,112.523105
-91.96726,600,112.640035
-59.791435,164,113.323985
-89.06204,485,113.341541
-71.884705,600,113.874585
-77.34607,600,114.973133
-77.10004,600,115.748481
-215.6455,600,115.771956
-369.93823,600,116.320051
-60.860764,600,117.457396
-594.66595,600,118.270347
-613.6508,600,118.286193
-73.489,600,118.836001
-80.5753,331,118.838042
-75.055664,600,120.779749
-70.66583,600,120.797626
-62.455666,600,121.35059
-61.47823,600,121.352561
-83.91887,383,122.955899
-76.73959,600,123.29074
-69.298676,600,123.305496
-94.26388,600,123.855017
-57.891415,203,124.141912
-84.62626,350,124.430819
-63.897293,140,125.01368
-59.147038,600,125.790446
-87.490944,600,126.349798
-76.058876,338,126.402445
-84.97916,600,126.635523
-80.60121,262,127.435027
-85.51766,600,128.29264
-83.60663,600,131.191223
-64.79484,600,131.425499
-55.20479,600,132.221732
-68.88303,600,133.070711
-52.50636,600,133.687912
-64.48981,600,133.923179
-58.723827,600,134.728332
-64.6549,600,135.584805
-49.43917,600,136.204069
-54.859375,600,136.437011
-47.977272,600,137.240207
-50.152317,600,138.09933
-58.461796,600,138.725249
-55.304874,600,138.972781
-47.909046,600,139.762086
-53.49642,600,140.619777
-56.614452,600,141.236524
-60.80436,600,141.473041
-67.29334,600,142.305976
-164.90327,235,142.489468
-63.068115,600,143.17571
-75.29074,600,143.867441
-45.328373,600,144.937462
-52.46502,600,145.117832
-31.799625,600,145.923556
-33.998253,600,146.592803
-63.211132,600,147.624014
-51.418518,600,147.808617
-40.965343,600,148.480943
-31.60469,600,149.094178
-68.19084,600,150.206584
-40.245968,600,150.381174
-116.714424,600,151.069168
-41.6238,600,151.710009
-44.103745,600,152.793556
-54.531624,600,152.989626
-32.666435,600,153.737117
-51.89984,600,154.371109
-37.379517,600,155.425737
-31.314644,600,155.607612
-42.710014,600,156.274443
-20.540005,600,156.896581
-25.324615,600,157.950331
-40.082214,600,158.135224
-58.05532,125,158.472259
-32.215027,600,158.803758
-35.63463,600,159.413167
-63.92986,600,160.628129
-24.285952,600,160.964845
-80.106895,600,161.299983
-34.735466,600,161.941666
-115.476974,354,162.802945
-37.770462,600,163.150938
-44.503143,600,163.482729
-47.69105,600,164.435637
-36.55609,600,165.307122
-72.0737,600,165.67084
-42.295563,600,166.002728
-124.335144,389,166.072802
-139.97336,245,166.33813
-120.82338,452,167.553799
-131.80315,487,168.109089
-12.256631,600,168.513366
-32.152546,600,168.847956
-55.023876,600,170.076225
-114.59946,373,170.415325
-20.258509,600,170.639434
-68.1664,600,171.082565
-123.175095,287,171.668881
-53.36608,600,172.63205
-17.144693,600,173.17497
-28.75836,600,175.91232
-64.06119,600,176.498052
-11.50884,600,177.474687
-9.014834,600,178.033544
-20.152542,600,178.439246
-76.74725,600,179.024658
-48.120728,600,179.987873
-42.51976,600,180.537637
-123.52093,454,180.922221
-17.916092,600,180.952203
-15.518243,600,182.493996
-36.827423,600,183.061307
-22.670607,600,183.444408
-17.715899,600,183.463769
-29.80647,600,185.013993
-29.743212,600,185.570572
-20.7652,600,185.958508
-49.78063,600,185.978433
-59.725887,600,187.535795
-147.22223,487,188.007526
-27.924135,600,188.073819
-64.665146,600,188.487479
-112.75029,378,189.700719
-130.31259,336,189.892668
-93.82833,600,190.068061
-36.495407,600,190.599478
-114.41095,273,190.886094
-135.5675,427,191.914748
-120.84022,321,191.949339
-167.0326,556,192.282715
-122.73911,355,192.382408
-117.12865,384,193.521847
-132.38391,380,193.540514
-107.52032,374,193.944225
-36.24522,600,194.790636
-105.47647,404,195.231704
-83.05963,423,195.297047
-95.77207,289,196.006741
-48.65264,600,196.464572
-119.76718,326,196.664971
-104.470795,345,197.445192
-51.151066,600,197.747799
-118.983826,402,198.151253
-96.273964,345,198.88669
-116.50977,298,199.004605
-101.02653,225,199.091104
-41.995087,600,199.175859
-113.23092,169,199.783542
-99.270386,252,200.228334
-105.86891,303,200.286182
-91.99722,326,201.166756
-41.422066,600,201.40393
-76.25506,314,201.552076
-88.67797,326,201.638598
-109.7896,385,202.776296
-132.05821,422,203.311511
-96.42404,491,203.458879
-111.30417,142,204.108563
-20.305168,600,204.21426
-108.20423,433,204.651206
-119.02418,414,205.116855
-94.73513,329,205.563121
-116.846146,269,205.738326
-91.54612,251,206.112241
-22.99398,600,206.588018
-106.75092,445,207.591794
-106.29635,391,207.743
-36.456783,600,208.044546
-571.7678,600,209.141632
-98.5915,259,209.175777
-15.455742,600,210.144703
-558.865,600,210.294221
-16.703398,600,211.709735
-29.826122,600,211.749482
-69.314575,382,211.965301
-61.275883,229,212.666331
-26.036606,600,212.71481
-69.914566,199,212.78566
-68.41726,250,213.699851
-55.07098,230,213.748617
-64.54699,111,214.216968
-24.809006,600,214.255556
-24.774925,600,215.234593
-68.411255,176,215.973904
-603.754,600,216.230496
-602.0208,600,216.753838
-423.2564,600,216.788999
-98.237404,253,217.296757
-101.09972,368,220.687458
-33.025677,600,220.887276
-18.005373,600,221.665131
-24.586218,600,222.182987
-14.450875,600,223.231765
-25.738073,600,223.471037
-22.975845,600,224.393423
-19.15159,600,224.897561
-15.782681,600,225.886755
-25.530184,600,226.092238
-60.689632,600,226.891749
-18.686697,600,227.408292
-32.813183,600,228.393202
-31.298138,600,228.593846
-15.48307,600,229.401284
-88.19293,250,229.434834
-26.144398,600,229.916746
-99.17753,402,230.272158
-59.86455,406,231.607616
-18.111668,600,231.909683
-29.254257,600,231.941999
-20.68664,600,232.79477
-23.409721,600,234.136217
-118.50816,390,234.432569
-14.710758,600,234.434118
-29.925776,600,234.472449
-9.057955,600,236.66854
-36.527695,600,236.96783
-15.984466,600,236.969176
-13.350448,600,237.004933
-13.548677,600,239.193599
-14.305273,600,239.490991
-22.994701,600,239.492361
-11.039748,600,239.527292
-22.813856,600,241.738495
-27.131163,600,242.037862
-13.357129,600,242.039244
-21.371962,600,242.076738
-22.797441,600,244.339211
-23.028616,600,244.640713
-26.162304,600,244.642126
-21.81507,600,244.677818
-10.221382,600,246.952468
-17.551394,600,247.250399
-21.764692,600,247.251755
-8.134007,600,247.287377
-24.34682,600,249.521972
-1.171602,600,249.81394
-11.398485,600,249.815342
-4.828847,600,249.850348
-17.06818,600,252.012203
-11.88554,600,252.32494
-13.053603,600,252.326283
-10.014631,600,252.362107
-23.153326,600,254.554698
-16.369112,600,254.848797
-11.232456,600,254.850127
-22.63022,600,254.888207
-7.6921287,600,257.170866
-6.8329687,600,257.49792
-7.9741964,600,257.499423
-5.9713483,600,257.535172
1.781051,600,259.741716
-3.7233174,600,260.056866
-10.520398,600,260.058269
-4.660633,600,260.1079
-5.5478063,600,262.318064
-2.6410775,600,262.611464
-1.6971582,600,262.612886
-13.63204,600,262.661516
-6.533194,600,267.204418
1.1301453,600,267.500772
-0.30888388,600,267.502201
1.0347457,600,267.539681
-0.09183362,600,269.821579
-12.616551,600,270.116245
0.56625783,600,270.117595
2.3164508,600,270.155724
-108.56114,555,272.141271
8.81523,600,272.62815
3.2618954,600,272.629565
8.893303,600,272.66595
6.0896006,600,274.668591
2.6594875,600,275.146257
0.576453,600,275.14767
-3.7462127,600,275.182214
-101.71768,474,277.134081
2.3723617,600,277.134817
-90.3952,488,277.151635
-9.7603,600,277.615037
-114.51376,518,279.331163
-23.1081,600,279.642851
-14.664924,600,279.64359
0.9122347,600,280.12448
4.678017,600,281.888369
-112.427536,576,282.10446
-11.850307,600,282.200297
-107.08043,532,282.41793
-85.98222,495,284.319115
-87.85204,456,284.351231
-6.08016,600,284.433564
8.481942,600,284.673534
-102.01677,395,286.020777
-450.2547,600,286.875446
-3.0357685,600,286.988585
18.755234,600,287.235042
-109.46745,345,287.512525
-106.52243,386,288.647092
-85.14062,378,288.825722
-0.96603334,600,289.417188
-14.441003,600,290.034912
-87.20151,509,290.757918
-129.11423,508,290.940059
-133.92972,508,291.536693
-108.6682,332,292.33281
23.069323,600,292.544569
-100.812515,440,292.597265
-81.34592,578,293.959452
-103.09842,474,294.529208
-30.90287,600,294.855528
-99.39876,551,294.919433
-89.256325,466,295.941587
-81.5078,314,296.198536
-86.86972,307,296.233325
-72.17775,446,296.473345
-68.596176,326,297.349075
-85.69299,323,297.623086
-75.94094,404,297.927964
-92.15892,567,298.855567
-73.59316,437,299.197514
-82.2536,393,299.29534
-89.11368,510,300.077966
-80.736336,539,301.140134
-91.853264,490,301.361001
-41.94154,600,301.722496
14.137615,600,302.614789
-21.844936,562,303.507062
-109.995766,520,303.545732
-63.81148,372,304.204196
13.07271,600,304.273181
-57.155136,570,305.96502
4.979083,600,306.051434
12.843036,600,306.722249
11.102076,600,306.798686
-91.713455,330,307.416689
-72.36417,375,310.663353
25.081749,600,310.844942
12.551113,600,311.666902
-75.10851,528,312.004623
-62.600857,447,312.782073
8.55592,600,313.25128
-73.17727,485,314.140458
-63.77039,570,314.188025
-73.60913,401,314.611718
-72.25426,507,315.575619
-81.36308,375,315.906787
-70.93978,470,316.280155
-17.911745,600,317.17192
-93.67604,586,318.005269
-77.43268,546,318.164575
-88.59427,531,318.473406
-97.307434,366,319.531667
-9.214236,600,319.668812
-125.040436,502,320.269873
-94.39859,477,320.468395
-69.73164,392,321.90049
15.948464,600,322.034846
-22.39835,600,322.168769
5.3067007,600,322.985519
-87.07767,566,324.472873
2.5297434,600,324.487418
-73.750244,348,324.503683
-22.289543,600,324.76126
-4.2111487,600,327.105664
-2.8268633,600,327.120472
-17.78156,600,327.136506
-5.1798587,600,327.384384
-87.07493,523,329.591587
33.586544,600,329.625653
-15.74186,600,329.640778
-3.0922694,600,329.657624
-119.39688,513,331.78126
-145.8678,553,332.011721
-122.648056,594,332.173999
-23.05911,600,332.192756
-117.10419,490,333.875306
-25.770546,600,334.581755
-102.46722,566,334.617126
-127.6592,591,334.699773
-2.516111,600,336.358008
-75.20242,454,336.471874
-125.98246,536,336.917474
3.8130245,600,337.071392
9.026004,600,338.856544
-22.226204,600,338.966505
-11.5781355,600,339.374919
-10.763324,600,339.516144
-99.85505,325,340.169204
8.916759,600,341.409239
-22.554123,600,341.843842
-3.9179566,600,342.012408
28.71239,600,342.688503
-68.895805,550,343.736364
-95.66698,451,343.906916
-3.0016332,600,344.361263
44.027924,600,345.184904
-111.45108,556,346.215071
2.6093867,600,346.230191
28.927082,583,346.788355
37.72988,600,347.701054
-100.633804,541,348.537493
45.980904,600,348.792964
13.828697,600,349.397233
-23.044708,600,350.325588
30.589722,600,351.135925
25.341242,600,351.416022
1.7118789,600,351.987908
-85.044266,322,354.725792
18.160046,576,354.981459
-53.509285,481,355.625253
23.433887,555,356.491142
-88.195045,268,356.74746
-81.25342,462,356.897979
-66.203674,558,357.031189
-61.00138,180,357.4963
-101.047806,184,357.814312
-96.193085,355,358.404723
-80.2471,266,358.619556
22.698456,534,358.750526
-74.30023,270,359.51749
-106.54782,234,359.599268
2.212284,534,360.067075
-84.22094,334,360.151813
-103.15361,398,361.279981
-11.133228,546,361.829319
4.2022896,567,362.531781
-27.29968,600,362.580358
9.456436,489,363.33586
-88.72368,258,363.617324
13.022297,522,364.00382
-87.19212,355,364.053543
-90.72981,402,365.690769
11.957391,600,365.841188
1.8332481,576,366.021864
9.812576,518,366.223275
-8.228088,472,367.808371
-61.35217,436,368.03905
-39.885754,600,368.188116
-24.741478,570,368.388377
24.48627,459,370.016466
-7.174595,561,370.194685
-5.748516,518,370.397031
-39.155136,598,370.947551
-9.300121,515,372.218063
3.3760948,525,372.49219
-27.975893,489,372.577224
2.6335793,473,373.078012
25.995712,497,374.400983
3.1821404,551,374.87054
-10.6775055,476,375.085861
-24.948326,594,375.102994
15.733356,490,376.458698
6.3391495,500,376.963045
8.083527,491,377.142982
11.468249,600,377.614377
1.9205513,468,378.434359
-6.214611,365,378.689165
15.737499,475,378.960049
19.444561,502,379.727178
-82.246704,301,380.244569
6.060871,497,380.557779
12.016018,500,380.837249
-82.43956,473,381.770088
2.3324242,521,382.449623
7.449337,535,382.815403
0.024211884,510,382.965353
-29.16084,495,383.848656
-1.9681702,476,384.448932
-4.841179,574,385.204808
-82.3923,569,385.337633
3.9321404,510,385.947517
17.556526,509,386.545458
14.862236,473,387.153272
-5.554924,498,387.384651
-11.120762,499,388.010918
-31.627499,579,388.941001
-28.816174,445,389.221419
-71.848175,541,389.385842
11.551765,474,389.969548
4.0820427,506,391.057249
-17.789581,497,391.314903
-1.5585022,597,391.880723
20.14505,555,392.278068
19.943415,600,393.536629
33.103523,600,393.778366
28.411945,541,394.091886
-74.63052,240,394.497615
-114.918236,572,394.615818
-38.95539,405,395.706303
-56.920803,496,395.754642
-2.4356375,600,398.925482
26.871592,600,399.042845
12.921393,600,400.189054
-21.983734,600,400.236509
1.3771738,600,401.41742
33.61863,600,401.537254
-62.765213,576,402.634117
28.699018,600,402.684841
37.157185,600,403.934039
43.405582,600,404.047206
18.66687,600,405.114125
67.06601,600,405.161896
-1.1046729,600,406.426885
-2.850802,600,406.549164
12.8057,600,407.643931
15.360065,600,407.693784
14.292738,600,408.911814
25.807402,600,409.026217
-66.852776,586,410.046704
30.19625,600,410.162285
16.712372,600,411.366745
-7.964453,600,411.48536
-12.555916,600,412.513327
6.0245137,600,412.635154
-108.368385,413,413.076977
-117.31987,540,413.743353
-63.095802,560,414.83128
12.221306,600,415.104587
26.468489,600,415.553713
-23.507664,592,416.161646
12.234357,600,417.332972
17.987068,600,417.62726
14.281043,600,418.092153
3.3155642,600,418.7187
-112.28763,574,419.848092
15.105905,600,420.231516
-116.39622,586,420.615556
7.255354,600,421.309735
-101.52032,498,422.313811
13.466873,600,422.361255
27.432714,600,423.128431
-105.98153,483,423.32964
-118.469925,531,424.548691
-119.451775,574,424.711574
-3.9288063,592,425.604611
-3.700368,600,425.838754
1.340023,575,426.992729
-0.91848147,600,427.246544
18.59766,600,428.190955
15.856982,600,428.4377
5.100769,487,429.357568
2.9070256,600,429.575782
1.690249,600,430.782135
-105.542984,547,430.807118
33.38846,600,432.062873
37.869625,600,432.296446
1.3270493,577,433.388874
23.75362,600,433.51498
22.263502,600,434.647584
-2.3671532,558,434.698116
17.444656,530,435.641071
21.022583,600,436.084957
13.59586,561,437.216372
25.842432,600,437.492006
-58.92607,202,438.420365
16.24188,600,438.512854
18.41181,600,438.929093
-0.7979164,594,439.86829
-19.280197,561,440.812301
2.9592705,590,441.027495
22.489374,600,443.767771
9.741275,600,444.734179
-22.14331,443,445.010324
4.2230945,600,445.904334
-4.2866974,556,446.141234
26.816858,600,447.360569
-71.5567,575,447.53312
-28.312527,451,447.886819
-63.43536,463,448.167827
-64.66567,337,449.600878
1.5160141,600,449.92424
9.698418,578,449.99485
8.245388,600,450.54633
-58.96435,212,450.984478
-3.0013008,501,452.023057
20.70338,600,452.809907
39.996033,600,453.265987
-7.7237244,585,453.594899
56.788734,600,454.632876
-62.273453,282,454.843997
8.136318,600,455.424089
47.504826,600,455.892015
-85.156395,337,456.284091
28.286415,600,457.225929
30.34044,600,457.958725
-162.20189,501,458.397598
31.252232,600,458.413311
-65.500916,324,458.574038
31.03394,600,460.501046
42.48797,600,460.92928
-0.18827796,600,460.945693
9.724823,600,461.080348
7.047493,408,462.19644
-60.925293,545,463.362204
25.906519,600,463.444237
38.009285,600,463.46194
29.623354,600,464.713368
52.81915,600,465.954352
12.475565,600,466.03969
32.368988,600,466.057732
21.10023,600,467.45148
21.527586,600,468.772184
30.67334,600,468.854731
-5.610824,600,468.873895
10.554286,600,470.284693
49.222107,600,471.555279
50.32774,600,471.645766
40.734154,600,471.664753
23.656857,537,472.710067
50.450195,600,474.145014
50.715145,600,474.233124
44.0553,600,474.251673
54.344093,600,475.26078
19.804302,535,476.430911
25.520298,544,476.598421
-29.88337,596,476.791659
-111.794464,193,477.452627
10.539491,600,477.884397
10.588768,543,478.771888
13.548412,567,479.190431
36.439106,600,479.947081
9.407604,574,480.24525
20.274605,547,481.016652
9.070213,575,481.566934
22.541862,519,482.367337
54.35044,600,482.383069
69.28602,600,483.523681
-2.431717,596,484.067119
18.950325,552,484.754234
29.207516,562,484.772353
46.93427,600,486.140449
14.246906,518,486.363752
20.255753,553,488.151433
8.196575,569,488.248006
12.206097,520,489.523745
2.3513603,578,489.575841
7.8012238,542,490.531165
18.546473,600,490.679766
24.388695,516,491.721204
40.983902,600,492.126343
9.173473,539,492.963087
49.619904,600,493.072382
17.834286,549,494.041756
-61.146275,268,494.11035
20.831444,514,494.293355
-61.56054,220,494.967685
2.2358093,590,495.57318
40.509407,600,496.651688
37.607105,600,496.836169
16.947266,560,497.339274
22.028091,559,497.92694
19.207802,492,498.731219
17.424389,505,498.979819
13.053436,496,499.473821
11.015568,532,500.258832
24.807457,516,500.972046
22.011627,519,501.219961
-26.48972,553,501.822268
22.484913,524,502.44855
19.315758,523,503.428516
49.79235,600,503.494139
-102.54999,255,503.529063
-0.6334305,565,504.212053
16.769264,497,505.659351
2.105259,515,505.706547
16.366135,532,505.707239
17.24794,600,506.75949
15.464466,481,507.83413
18.090294,491,507.834164
12.060261,562,508.182974
17.24134,522,509.123208
24.417236,475,509.952875
14.11491,588,510.43861
16.351547,600,510.827087
10.295877,600,511.76361
11.06176,585,512.504936
32.756485,600,513.012341
9.9085655,563,513.237576
-4.868145,587,514.269445
14.313007,542,514.82362
-53.649967,536,515.361577
12.651806,562,515.709132
16.078354,493,516.43833
7.1110864,600,517.395267
15.672455,469,517.696292
6.527542,556,517.71389
29.241203,474,518.40915
23.244175,513,519.488673
23.045448,523,519.851049
20.02546,556,519.972395
-76.034836,539,520.627054
-13.0653305,480,521.48756
38.28772,600,522.346111
16.584362,575,522.347417
11.830723,451,522.496502
36.2429,600,523.96531
23.5233,459,524.244741
-2.0766373,496,524.394401
-78.168564,490,524.516315
-24.594471,353,525.425218
21.13219,456,526.447025
22.19498,569,526.664832
24.768364,600,526.967018
36.077587,600,528.071184
26.659512,497,528.661307
4.8600845,448,528.939591
2.941948,570,529.183583
-36.05845,409,529.852663
25.17683,414,532.421303
-18.714344,507,532.549341
1.1063843,428,532.732037
31.094109,441,533.451452
4.0000877,434,534.262649
-0.43369293,427,534.527786
-38.47805,512,534.694149
40.23664,600,535.951299
-32.25861,407,535.968507
-31.58251,384,536.285277
14.779053,453,536.401207
16.746483,443,537.782263
15.204643,493,537.986114
22.156372,415,538.128843
-34.84997,503,538.379128
9.472412,397,539.537354
-35.05226,395,539.856949
-0.36600494,498,540.143588
9.605164,458,540.414766
-29.908255,412,541.309906
-26.796532,390,541.549624
-34.07309,456,542.112983
24.790844,600,543.062525
11.7890625,543,543.690749
-36.530125,550,543.949554
-0.5189247,416,543.949584
15.128956,438,544.998133
24.284107,440,545.742806
33.57692,442,546.068414
29.617508,503,546.326397
10.57896,398,546.900317
-32.289467,369,547.439522
7.66901,441,548.053538
-19.399609,420,548.291585
31.355019,600,549.645632
17.489365,461,550.179958
-0.19626695,600,550.197402
27.24487,427,550.215708
18.48848,475,551.659159
14.572365,459,552.106612
6.488968,474,552.190924
22.786537,600,552.712148
7.2341843,497,553.746897
27.805756,436,553.932751
17.04911,509,554.331583
22.419622,600,555.234707
13.234737,422,555.520379
14.197086,395,555.605234
14.536701,405,556.037562
10.154171,395,556.885808
12.851311,392,557.177311
25.936504,409,557.337693
-2.1362953,495,558.145116
20.397877,412,558.630333
10.242012,454,559.267367
18.53982,600,559.750745
25.867565,401,560.367734
23.398703,600,560.703426
14.856243,483,561.316966
27.80717,446,561.659249
20.149326,409,562.174506
9.429291,420,562.591198
22.267193,400,563.11854
19.135323,425,563.518823
-66.08023,327,564.485772
2.7205544,569,564.585678
14.904211,600,565.101055
9.922359,600,566.049007
4.245304,433,566.309916
-57.82889,428,566.393209
-4.830052,600,567.623055
17.158478,395,567.70743
9.283855,417,568.133539
28.193409,600,568.842869
27.864113,415,569.375082
-57.832615,410,569.442911
21.456226,431,569.961558
-44.7058,305,570.733792
-0.08139801,472,570.83517
20.021317,509,571.558542
20.306465,426,571.798701
-60.434456,455,572.682363
14.942493,455,572.783494
-50.46306,253,572.867603
9.042744,600,574.110403
22.798637,426,574.58407
14.020645,499,574.788887
18.945972,461,574.808774
-7.411869,472,577.824511
16.35197,394,577.974987
27.115585,394,578.182205
26.945969,419,578.321385
19.802643,461,579.952256
0.92067224,600,580.391699
24.677362,600,580.746797
3.554384,600,580.882907
25.399963,427,581.778878
23.009315,495,582.505968
9.229088,445,582.79427
14.01255,580,583.247106
-64.3733,295,583.750532
8.381153,467,583.765663
-41.517982,293,584.440848
9.140216,600,585.261581
-53.409527,249,585.458763
8.111412,444,585.574334
37.45739,600,586.200206
20.908165,402,587.253655
-66.8539,506,587.57748
11.5279255,600,587.780093
24.204948,444,588.078276
25.583382,424,589.386358
2.1969376,456,589.744839
-3.8462572,600,589.832799
18.574162,426,589.964142
31.73227,436,591.291753
33.221905,452,591.816378
21.263325,558,592.36156
24.652836,600,592.361592
28.977386,450,593.233181
14.463974,570,594.22327
14.712959,502,594.478739
31.457098,600,594.933899
10.301617,443,595.148095
22.391895,421,596.023664
17.481785,441,596.830708
14.78018,600,597.092199
-96.81553,339,597.51518
26.289984,600,597.71525
22.166245,444,598.73702
29.546326,415,599.32536
9.733692,600,599.691886
29.689888,510,599.939531
22.876831,422,600.581713
30.107899,418,601.469476
12.315622,600,601.891719
12.044365,463,601.909615
20.385143,432,602.375792
27.348347,450,603.329776
27.134735,452,603.743117
48.31306,600,604.383205
11.041218,511,604.49627
-63.2832,472,605.772295
8.31714,600,605.889377
35.312965,387,606.14449
11.157047,443,606.278128
27.983944,428,607.572089
30.18171,420,607.681283
10.057053,452,608.138971
35.615505,450,608.253078
2.5668068,395,609.445158
35.294567,438,609.542805
36.016586,452,610.086275
17.16149,600,610.805533
28.934761,433,611.232008
21.471031,477,611.500402
21.569485,459,611.977054
19.139278,489,612.844572
34.917507,482,613.250617
5.7798386,431,613.326779
19.841988,426,613.796846
31.619259,416,614.639807
29.96294,350,614.772892
13.945543,600,615.844732
27.992418,600,616.293727
18.622952,433,616.401851
30.39843,446,616.569739
-3.132927,413,617.543412
22.988678,467,618.238646
6.3908195,508,618.566401
-1.5511742,504,618.717324
46.43955,600,621.640948
-14.092243,447,621.689632
22.181627,600,622.650485
25.118778,600,622.800284
34.326374,600,624.207627
43.110092,600,624.25718
76.65881,600,625.261916
50.184315,600,625.438355
36.875584,537,626.702271
45.023132,600,626.939315
38.866894,508,627.544313
35.950554,599,628.075416
46.943596,600,629.274767
15.190746,550,629.290822
25.868969,440,629.429384
11.867348,521,630.285501
19.046688,453,631.166957
28.393997,494,631.480791
41.615246,600,631.828224
12.251118,414,632.074646
35.384098,411,632.963704
20.29443,385,633.16232
-16.82872,395,633.523159
32.071934,404,633.80537
25.23413,453,634.877923
-6.6043167,509,635.308941
19.719864,471,635.49117
34.10049,458,635.709318
-25.097546,363,637.026368
30.856812,600,637.403059
-9.211475,435,637.549129
36.945007,600,637.831062
21.742111,422,638.841569
28.466042,483,639.486722
-27.585476,453,639.520105
10.052212,458,639.832537
39.681133,418,641.288347
86.57088,600,641.438084
38.840523,446,641.438114
40.09957,431,641.674089
30.511452,405,643.160012
21.06768,469,643.27848
37.962177,494,643.552912
11.629821,600,644.277496
33.36724,381,644.96268
14.634399,389,645.25129
33.704487,485,645.28323
27.141891,515,646.519203
33.19917,479,647.343368
14.626894,600,647.562682
35.913048,600,647.879729
33.468407,449,648.46417
40.97022,600,649.927583
29.218063,600,650.143142
14.198517,460,650.421922
42.08588,600,650.455511
-7.313942,455,651.837863
-21.278128,600,652.661427
41.030613,600,652.960929
27.634533,600,652.997102
11.60677,540,654.152181
32.28806,435,654.535463
36.738514,504,655.108529
27.455402,600,655.545568
38.685707,459,656.081367
32.24293,438,656.381582
36.810944,404,656.802838
35.13103,600,658.055172
36.018753,501,658.468204
53.197548,600,658.584762
33.49817,592,659.271105
24.19971,475,660.07187
25.151592,492,660.686794
19.872854,600,661.026443
7.9438367,600,661.859774
12.802464,465,662.054457
33.385727,450,662.97437
30.759678,600,663.338255
31.371946,600,666.798977
29.964855,562,666.846705
25.436775,564,667.86438
37.691082,600,668.306335
35.853725,459,668.852791
32.486946,506,669.087687
14.221305,600,670.363281
31.28165,437,670.680079
14.887741,600,670.836266
-87.43527,446,670.987871
31.21613,414,672.719464
-21.19964,600,672.904605
-9.057517,600,673.223471
14.110417,600,673.357178
24.076954,462,674.855918
30.15141,440,675.207071
-12.918143,600,675.241624
26.4207,600,675.743654
30.580074,398,676.533874
27.235722,385,676.831256
14.30017,600,677.782161
8.345524,359,678.049608
8.787334,600,678.284876
22.864994,600,679.453334
33.91709,399,679.550432
37.251797,425,679.920924
23.986473,588,680.85721
30.216648,441,681.376321
34.82111,486,681.684273
33.201168,458,681.947304
36.84707,395,682.585593
34.35698,378,683.280373
36.349957,457,683.314791
-0.9054561,600,684.47056
18.64899,542,684.891728
32.73504,421,685.056378
30.214375,417,685.08781
34.363304,448,686.756289
33.290794,431,686.864143
-8.701085,600,686.997473
18.82449,541,687.343801
14.496872,412,688.478354
39.138412,392,688.635243
38.044853,455,688.77034
33.580013,415,689.087243
34.4255,393,690.277013
35.4491,413,690.506273
4.0549564,600,691.014732
-3.5612247,600,691.617122
25.817745,481,692.31403
19.734097,506,692.628234
32.365005,395,692.677602
39.429276,394,693.988735
16.779448,600,694.1515
34.913532,382,694.287193
27.976791,490,694.71342
16.80915,424,696.087425
35.28167,418,696.49583
20.997587,600,696.548838
35.22865,600,696.722493
30.115452,374,697.690764
31.230099,359,698.052099
27.976086,434,698.309312
22.479034,440,698.538319
29.42989,412,699.367479
35.847927,353,699.478607
35.12272,422,700.233336
24.252028,600,700.748721
22.21363,600,701.840657
32.256165,409,701.941683
31.759043,600,701.958375
34.296974,518,702.911254
26.225079,424,703.603709
32.215797,403,703.635808
32.057335,408,703.638157
32.773792,395,704.545626
31.1759,394,705.260499
36.960785,407,705.325533
34.20267,452,705.474704
32.21287,466,706.475534
31.347061,409,707.022866
38.50188,400,707.136965
25.09518,462,707.186868
32.479385,423,708.22909
32.454388,361,710.363605
37.957108,398,710.363636
34.46527,436,710.634599
37.331455,484,711.943038
33.563095,378,711.94307
25.246136,441,712.214052
33.11684,399,712.313465
33.850235,388,713.563874
23.505684,397,713.859792
32.70912,493,714.361206
24.220272,600,714.448468
29.457783,419,715.313236
34.543427,412,715.578491
30.911472,366,715.967665
24.333466,600,716.84356
36.386585,374,717.53311
21.65472,477,717.581201
11.891334,600,717.824177
33.36917,528,719.076996
34.130413,423,719.345924
30.62135,510,719.678998
26.86142,600,720.336194
26.91439,425,721.13964
31.062061,387,721.307147
24.616598,600,721.591746
26.549606,457,722.243511
39.395912,374,722.682256
35.134895,415,723.005336
37.455048,413,723.275627
35.164593,440,724.053364
31.740246,467,725.079725
28.324118,600,725.284285
24.248287,482,725.411881
38.635426,497,726.266611
32.518383,530,727.285787
22.124,450,727.287142
35.827133,497,727.354609
15.138449,600,728.742763
25.189068,388,728.963807
21.228455,459,729.200379
41.938976,486,729.299807
33.139736,416,730.471408
31.56416,445,730.833924
32.451984,476,731.177357
29.209538,533,731.508207
31.764366,555,732.800707
41.582344,400,732.867846
30.000206,548,733.132668
32.52325,450,733.408286
31.384956,455,734.695247
24.128578,385,734.733752
30.939747,392,735.054767
24.557224,591,735.340026
31.979961,381,736.334106
28.11522,454,736.619659
19.220394,406,736.755223
32.14194,392,736.98554
33.076744,404,738.050804
31.859764,393,738.428578
31.479973,442,738.479183
31.58371,389,738.629504
35.10996,461,739.948678
37.921013,388,740.228622
32.91582,460,740.325483
29.650433,474,740.441154
32.46412,425,741.726683
25.472813,381,741.813626
28.580582,391,741.949021
38.714493,441,742.265882
35.84928,441,743.605838
20.530613,450,744.111528
16.972599,600,744.192551
10.528205,600,744.411251
29.937992,370,745.159298
39.21638,393,745.83101
42.615612,367,745.945833
36.24204,451,745.994772
37.64204,350,746.614891
37.676983,386,747.57532
36.418987,474,747.983944
3.7368734,600,748.32646
-10.7260475,425,748.389165
35.958065,450,749.461702
34.680874,471,749.952323
28.323383,489,750.379174
52.314587,600,750.920962
29.641434,419,751.198229
25.346989,507,753.82275
13.129787,450,754.020632
37.333523,416,754.401852
18.074146,434,754.758174
35.729233,438,755.837928
37.784817,485,755.838948
40.728233,387,756.019688
33.67092,475,756.751951
38.0712,410,757.545569
-75.44217,430,757.784752
13.661545,600,758.31497
33.326843,449,758.582528
37.64188,409,759.482764
27.797039,529,759.732553
36.080475,414,760.095337
35.155552,437,760.467595
39.90975,404,761.213358
29.086792,492,761.818958
31.716473,434,761.885834
39.71061,390,762.083532
38.33419,356,762.707738
34.991154,419,763.598979
41.29308,398,763.755771
24.606812,565,764.248791
-30.357702,413,764.391411
25.24974,390,765.356395
25.032608,511,765.701532
18.07816,470,766.238004
36.960835,455,766.346135
7.528267,362,767.224141
35.510265,452,767.26494
35.432934,391,767.876316
36.144657,368,767.877034
39.485893,386,768.887046
36.31435,409,769.013257
16.132465,393,769.58307
33.683178,410,769.646041
38.830147,357,770.406262
23.468246,423,770.833623
43.42575,405,771.287438
30.532589,409,771.364772
24.155388,368,772.372675
48.475567,600,772.936181
30.754234,392,772.936213
43.28232,600,773.905116
6.5844917,370,773.936759
-29.556425,335,774.351173
20.167622,378,774.542366
21.73906,411,775.610078
23.234974,406,775.636037
38.145245,437,776.159708
41.368034,423,776.271896
36.678127,421,777.348219
37.222305,489,777.634475
38.156696,368,777.79268
34.9345,443,777.997885
39.14607,421,779.447494
38.52292,461,779.765407
41.50329,433,779.841816
66.55676,600,779.891971
40.86092,431,781.208871
37.832813,354,781.29795
39.22948,473,781.900243
24.716934,600,782.290306
28.03812,339,782.685575
34.95399,378,783.454662
15.331267,600,783.857026
32.778408,500,784.380529
28.552296,452,784.553646
5.462639,373,785.417153
14.506126,594,785.937497
28.148987,417,786.11362
36.677322,443,786.404031
38.01926,517,787.562578
36.210964,432,787.738878
26.957413,373,787.95419
33.194393,479,788.102562
4.0278587,396,789.377573
25.185017,445,789.393925
37.456444,394,789.597506
32.77006,404,789.784319
19.741459,480,791.404718
33.941803,473,791.76819
14.321392,580,791.835008
17.400272,591,792.065919
37.26514,409,793.090118
34.994003,375,793.3873
22.041607,440,793.595933
31.14346,485,794.104082
36.504276,437,794.926177
35.514023,407,795.30235
29.066303,464,795.336519
35.01399,463,798.005762
7.860443,347,798.735452
31.363266,471,798.86783
26.431164,408,799.019314
36.42184,462,799.932086
29.708855,485,800.74768
37.59514,504,800.998798
31.520027,533,801.253098
23.81733,482,801.947271
39.208656,360,802.474377
30.368027,383,802.836441
34.839386,511,802.888671
34.27214,412,804.188762
46.68948,600,804.43453
33.78293,429,804.693589
34.94342,457,804.760227
32.894253,397,805.849481
38.268772,374,806.012907
23.658257,368,806.27573
25.726997,394,806.326653
35.358315,371,807.386054
24.449627,382,807.862046
32.604942,456,807.912048
-53.985687,568,808.715652
25.869297,358,808.913631
38.33356,376,809.481184
37.036663,417,809.607126
37.331684,355,810.336819
31.594349,423,810.418371
36.621445,388,811.061788
19.54116,600,812.057539
35.342182,426,812.096987
36.745502,429,812.194669
24.74772,600,813.540992
39.82734,360,813.590159
3.9819717,386,813.657358
37.87668,376,813.754296
36.18717,356,815.132493
31.216927,476,815.73813
19.68012,600,816.043241
40.298355,600,816.092813
18.766975,373,816.688655
25.609653,356,817.218452
37.183147,357,817.528352
35.857735,419,817.843956
25.72276,390,818.335991
37.644608,407,819.233016
28.120678,360,819.360693
28.206131,560,819.574884
41.159985,428,820.115262
35.501427,373,820.77632
23.609512,381,820.93349
37.1607,406,821.245921
37.883095,399,821.773341
38.31619,384,822.367106
36.901558,410,822.948525
37.052048,385,823.359661
22.253986,600,823.409258
39.81752,338,823.769835
36.548965,357,824.412709
36.556156,395,824.990244
40.1813,392,825.023406
36.316036,394,825.383794
37.182358,403,826.077193
38.670567,368,826.492222
34.91232,376,826.928311
0.60247153,600,827.496538
33.019592,376,827.630346
36.625103,366,828.013968
35.39955,395,828.549195
31.216671,340,828.872085
-4.0863533,345,829.020471
40.60592,406,829.665312
31.77195,343,830.001463
33.044827,359,830.419182
30.194424,404,830.765008
30.443459,374,831.265804
33.727913,335,831.402298
-23.38694,348,831.880149
39.952057,399,832.506154
23.860409,342,832.795486
35.119995,367,833.035779
39.46885,422,833.738289
35.367447,325,833.893781
42.959763,371,834.335692
37.177124,340,834.444654
34.08629,334,835.116114
19.174366,381,835.458186
23.639343,333,835.73266
30.050182,345,835.886386
16.315132,427,836.895962
37.87869,352,836.930904
40.238533,366,837.262998
38.026363,380,837.479571
21.783913,362,838.453146
35.991673,370,838.454476
36.553238,349,838.950615
35.832844,445,839.110335
39.388493,370,841.261771
33.783756,386,841.366224
34.62098,368,841.804413
36.428726,344,841.8738
34.524662,356,842.840359
30.907906,430,843.205449
12.978447,330,843.206151
40.22643,361,843.407103
36.734943,406,844.50304
31.209312,341,844.61346
38.24634,366,844.745427
37.44384,367,844.967671
30.601032,378,846.143311
22.356285,334,846.177119
34.855232,364,846.194614
34.266323,332,846.376177
37.210587,351,847.627379
34.716324,365,847.646882
34.816418,357,847.678211
36.692448,338,847.773088
39.457634,365,849.135917
36.73177,358,849.221661
36.963554,387,849.237975
29.642208,417,849.317772
35.062866,347,850.557556
35.590622,355,850.698997
36.262547,393,850.881619
32.329906,382,850.899966
32.888977,367,852.098762
32.965324,358,852.199473
40.425877,348,852.330095
39.84131,344,852.332042
35.59051,345,853.680273
36.353226,379,853.731686
36.38788,330,853.764301
29.661232,357,853.864778
34.699657,317,855.048012
38.032692,329,855.128605
36.898056,369,855.207313
39.099323,358,855.334164
30.114395,331,856.573221
33.26122,371,856.8343
33.411648,373,856.999027
20.42124,600,857.624004
30.722145,368,858.16507
7.9464493,326,858.231165
36.55148,347,858.449525
32.083748,323,858.978911
33.433826,343,859.574993
35.48056,386,859.855072
35.25015,368,860.034821
37.730816,350,860.494847
-7.7926254,285,861.070836
35.211365,388,861.252473
37.294964,374,861.617083
35.8484,358,862.005276
33.10849,364,862.616865
36.426094,378,862.866466
31.685398,388,863.684611
14.390448,600,864.179341
36.012615,386,864.281562
37.18103,338,864.320522
38.020195,324,865.071861
37.900772,336,865.699175
36.937435,384,865.799433
31.862213,367,865.853177
34.128727,329,866.434308
33.548393,345,867.137825
29.36837,320,867.137856
36.80438,369,867.407297
35.938587,341,867.880481
28.291237,362,868.727536
29.058762,377,868.792746
33.944862,358,868.978104
35.024715,366,869.475034
34.37915,347,870.186201
35.109562,349,870.249756
38.007404,350,870.447673
35.269268,367,871.034457
37.650814,348,871.694856
22.353203,341,871.742442
28.609188,384,872.109706
39.98954,347,872.525144
29.644234,341,873.128331
38.691246,355,873.227189
30.003735,326,873.474173
32.00022,359,874.028131
35.22525,332,874.511507
38.040173,324,874.591743
38.18895,354,875.030461
37.206875,350,875.559205
36.9276,362,876.093026
35.37188,357,876.150151
38.251476,358,876.536311
36.577152,338,876.993111
38.98011,360,877.620225
38.83642,357,877.653033
35.75059,403,878.216539
41.89,341,878.399698
39.778522,340,879.032115
37.447803,359,879.148376
35.863625,360,879.720822
37.941856,354,879.888023
39.28833,347,880.488627
32.047955,384,880.757791
37.00926,370,881.259132
37.22351,333,881.274919
17.309742,361,882.003808
34.994408,340,882.179636
29.876038,293,882.486519
34.68727,330,882.63602
37.81787,352,884.828984
37.5326,327,884.89214
38.497097,338,885.271716
24.031666,421,885.747074
-11.399727,307,886.089737
33.89696,329,886.254951
33.975155,390,886.878024
39.92639,367,887.261957
31.71392,367,887.617934
37.564484,358,887.764675
42.061924,330,888.263999
39.089096,369,888.805002
37.877563,373,889.183554
34.978844,404,889.430789
35.85171,395,889.907882
37.92604,365,890.324538
32.23828,348,890.874532
34.12611,441,891.003678
33.861073,410,891.597446
34.294754,369,891.860264
35.77011,317,892.174704
39.403534,346,892.42375
10.104336,337,892.996336
36.645935,330,893.227245
6.8202324,339,893.592126
30.145874,312,893.729429
37.39929,325,894.365571
36.99611,340,894.65848
34.977745,336,895.141916
36.97546,389,895.224524
39.11856,336,895.773724
9.756889,370,896.208334
39.944016,344,896.56868
33.66167,395,896.876582
34.660755,350,897.222327
38.08281,389,897.814187
35.12863,328,897.931837
24.979996,341,898.275979
39.58999,340,898.630896
34.53194,339,899.260553
38.349236,351,899.442785
42.24035,347,899.797296
39.614193,364,900.256861
37.41998,338,900.737987
40.22303,356,900.982942
36.21834,363,901.351195
41.72822,386,901.855154
37.372856,361,902.454841
39.514656,421,902.454875
39.6909,353,902.786057
37.768574,345,903.298653
39.538307,350,903.940795
38.773636,393,904.121159
39.86627,351,904.272051
30.975552,327,904.650252
35.188297,375,905.49176
33.449154,355,905.575339
35.88734,326,905.608162
38.397423,345,906.083005
36.66074,332,906.997098
41.487953,372,907.047638
38.756454,351,907.048956
36.858036,377,907.645403
41.95167,327,908.360351
38.59989,335,908.442963
11.214344,350,908.494248
35.7879,392,909.298994
38.924236,338,909.793917
41.50352,364,909.976753
37.025032,351,909.976784
37.076557,345,910.727412
33.157207,355,911.269776
37.917686,368,911.52136
39.03276,371,911.537498
40.687717,325,912.110164
37.191532,340,912.703038
34.344284,323,912.887052
31.726772,357,913.018174
36.277405,442,913.941089
37.069042,344,914.120549
37.5404,362,914.371928
39.75343,361,914.481386
38.895832,345,915.338887
36.09348,393,915.740717
37.468,387,915.974497
39.095764,371,916.024759
29.988628,336,916.738308
38.80656,354,917.221911
41.39874,369,917.519209
38.029186,383,917.634995
34.065605,332,918.141005
40.9926,358,918.753741
35.96781,345,919.014047
38.219147,358,919.186581
36.299202,344,919.638455
34.798546,342,920.207259
35.678802,349,920.474204
36.82449,406,920.884125
37.995354,365,921.16888
39.64807,346,921.950405
40.705154,361,922.416302
37.879898,350,922.648887
25.265072,600,922.738276
33.5374,363,923.466651
35.792374,349,923.852988
40.22532,340,924.06707
36.032005,356,924.307562
40.00852,340,925.096251
37.056168,343,925.512578
36.709213,388,925.88753
38.75037,364,925.937617
40.096897,348,927.869711
37.87887,375,928.398924
44.571644,389,928.836899
38.815994,355,929.333021
10.748117,600,929.774053
40.149437,361,929.90513
36.859386,361,930.356771
37.675022,344,930.77433
39.96376,382,931.424608
38.316315,353,931.429294
37.1015,354,931.929035
41.417953,352,932.365351
33.268795,363,933.044501
40.496853,370,933.065156
39.341785,343,933.448668
38.589787,381,934.089059
36.986458,390,934.827765
37.768032,393,934.845969
41.92864,336,934.959424
39.740753,363,935.643877
42.047165,325,936.178036
42.006577,330,936.32817
39.776844,360,936.343904
38.37334,373,937.2134
31.527668,391,937.805493
40.424763,365,937.883774
-40.320457,401,938.033659
35.06432,333,938.612996
38.859516,325,939.291574
38.455967,371,939.412871
40.05678,345,939.528548
38.62045,324,940.066804
33.184326,341,940.78551
34.684372,316,940.801777
34.861526,351,941.039663
37.346195,370,941.601562
37.763996,337,942.183697
33.218544,344,942.230232
35.176685,322,942.377178
36.360992,308,942.894131
34.31278,326,943.538024
30.909111,340,943.638532
33.021183,354,943.853561
31.10978,382,944.491576
34.39863,319,944.977535
33.880013,349,944.994038
33.767456,334,945.241837
32.881092,340,945.910035
34.786686,334,946.367048
34.509968,340,946.400702
40.831093,317,946.548558
32.056927,334,947.753935
38.873943,354,947.883935
35.61901,353,948.036906
-8.757305,600,948.405027
37.962017,329,949.129625
39.428337,337,949.294614
35.946316,332,949.427434
39.266914,319,949.74371
38.12738,335,950.534266
24.9095,317,950.615729
36.55843,340,950.886163
35.108135,349,951.221161
30.399021,318,951.945933
29.4002,335,952.108587
33.61398,325,952.294955
37.970795,316,952.612332
32.076633,335,953.435006
39.879883,335,953.609831
6.5086136,332,953.778991
31.819351,330,954.078007
38.2492,340,954.864058
39.942596,322,954.944843
31.35007,320,955.111307
36.396133,318,955.414612
34.484196,325,956.213697
34.16324,334,956.326214
37.87099,357,956.581011
27.886723,357,956.907604
37.332703,361,957.738012
37.065903,359,957.838911
36.27496,362,958.125006
39.161865,366,958.439188
27.358082,358,959.221177
33.63828,339,959.253273
38.191483,344,959.551142
39.49779,357,959.912944
29.313766,340,960.626237
38.90214,348,960.691904
35.363907,349,960.98946
23.463055,325,961.252652
33.206154,336,962.013113
29.286388,370,962.222774
36.930023,333,962.35444
36.972515,330,962.617163
36.567802,371,963.542393
34.422398,337,963.749372
32.457344,350,964.067656
-14.273938,600,964.726136
36.21254,332,964.948421
39.864395,322,965.120153
32.80831,335,965.484717
34.38724,317,966.253659
38.141705,344,966.523464
37.67386,313,966.772089
9.412259,600,967.234216
38.942844,350,967.730208
37.014565,369,968.104962
34.08084,362,968.322997
33.614513,335,968.639696
38.390717,303,969.024883
36.074993,333,969.521715
34.3018,332,969.75528
34.69172,354,971.434674
31.545105,337,971.731727
33.686165,340,972.248806
35.33579,333,972.434153
36.255653,330,972.845205
32.8924,342,973.193869
34.529213,341,973.688948
31.984245,329,973.805104
37.736195,322,974.184623
19.229797,331,974.569504
33.59962,336,975.085237
35.318317,346,975.251568
30.895401,339,975.600463
35.89592,336,975.967491
37.41298,367,976.60421
27.380596,340,976.667497
-19.529861,342,977.02241
34.012604,355,977.461061
39.203197,337,978.034112
27.182838,367,978.197772
39.363953,376,978.617397
39.614197,341,978.945732
37.1833,338,979.501604
39.997555,330,979.648963
34.572357,353,980.127849
40.27513,331,980.324557
37.436543,330,980.879819
35.25699,341,981.061853
40.243954,357,981.626615
38.653248,360,981.827653
40.727985,358,982.364756
40.059036,365,982.575779
38.258358,377,983.190452
39.482494,358,983.308267
36.666775,364,983.87804
39.23841,355,984.059456
36.89196,339,984.725567
33.973106,373,984.742318
39.25387,330,985.448502
29.74789,339,986.146848
36.009422,340,986.164042
-40.817593,600,986.377403
36.53638,360,986.953452
38.01643,368,987.681364
36.03077,368,987.698463
33.52673,352,987.852467
40.717705,321,988.286118
40.54408,343,989.119197
38.604187,364,989.218298
38.643414,348,989.299941
40.123295,388,989.900668
39.060097,344,990.552898
36.187943,347,990.668667
38.435074,386,990.931381
35.914165,345,991.344241
40.173225,330,991.937909
40.049053,348,992.152627
38.81798,348,992.406547
34.739204,354,992.853601
32.6473,357,993.415018
42.805412,364,993.634413
39.68977,349,993.809072
39.102276,339,994.211546
40.110985,357,995.115442
40.82607,337,995.211206
30.171616,457,995.30558
36.253113,336,995.599121
38.588203,328,996.542763
33.669918,327,996.724725
39.11404,324,997.095239
-9.899285,600,997.883329
40.137222,350,998.127755
37.545235,348,998.287039
34.313416,360,998.642254
34.93297,322,999.268276
34.949852,346,999.571373
34.701687,347,999.757922
37.07729,349,1000.129114
29.140724,339,1001.015345
30.95401,355,1001.268979
33.591145,327,1001.497452
13.459684,600,1001.774506
35.794548,344,1002.445746
41.172276,342,1002.690962
36.029182,335,1002.911585
35.550262,349,1003.968951
38.50102,346,1004.212101
18.69669,600,1004.382724
35.988934,339,1004.416215
33.839294,345,1005.514804
38.161964,331,1005.726028
41.923115,339,1005.985161
35.04813,351,1005.990021
40.941853,346,1007.106939
37.12272,332,1007.222082
39.63446,343,1007.464509
40.013622,362,1007.569014
39.307766,330,1008.460266
39.665184,332,1008.595536
29.50919,332,1008.847122
39.09705,314,1008.86349
34.555527,342,1009.906514
39.173637,332,1009.989872
38.200726,356,1010.336148
38.307663,361,1010.383444
41.80482,320,1011.344373
36.10115,340,1011.345726
38.871105,335,1011.791761
38.955627,348,1011.808063
37.384365,336,1012.729613
35.951954,349,1012.781879
28.23302,308,1013.068491
35.32885,319,1013.13455
41.106728,350,1015.448697
39.50652,367,1015.487134
38.70352,317,1015.693026
41.56078,373,1015.883751
30.221024,320,1016.786073
22.723774,339,1016.894175
37.99791,321,1017.027293
35.49803,330,1017.227003
37.696243,315,1018.203184
38.750477,347,1018.238587
39.19041,335,1018.403875
37.793148,334,1019.610472
39.81161,343,1019.676997
-8.860868,600,1019.728712
41.41463,342,1019.843811
36.36851,328,1021.026708
39.46061,351,1021.044481
35.20905,329,1021.080063
36.22082,322,1021.162016
33.9326,339,1022.445199
37.568306,324,1022.494869
35.557705,348,1022.513079
28.129604,600,1023.507917
34.27525,323,1023.869158
33.885628,320,1023.869977
34.383186,355,1023.976131
30.590118,321,1024.881524
36.000557,344,1025.314685
34.88476,346,1025.32917
35.941895,342,1025.382054
39.084007,332,1026.270234
37.16338,336,1026.713542
39.947952,323,1026.729234
29.60561,342,1026.7477
32.990623,326,1027.636835
33.17699,329,1028.079273
34.386036,339,1028.132076
34.947464,346,1028.19633
36.504692,338,1029.052588
30.09954,336,1029.500339
22.999496,344,1029.590178
37.701958,336,1029.608122
38.534874,336,1030.441603
38.882862,329,1030.875004
32.210888,318,1030.908852
36.79905,346,1031.044495
42.01377,344,1031.884914
38.83165,338,1032.352974
27.027134,316,1032.386054
38.459267,371,1032.453481
37.965206,332,1033.29149
39.909416,317,1033.709036
39.152355,334,1033.74446
39.13895,313,1033.782904
41.702873,320,1034.685916
33.85213,320,1035.152694
37.652527,336,1035.185567
36.09756,335,1035.234895
29.217583,343,1036.114072
39.852985,318,1036.467803
32.264557,320,1036.501608
39.143494,338,1036.616745
37.179443,303,1037.731184
22.304577,332,1037.99733
38.98341,385,1038.1119
6.851069,600,1038.615446
39.706684,334,1039.122695
40.76003,337,1039.406977
39.9906,357,1039.602351
35.310066,345,1040.052085
21.196106,339,1040.528428
29.558414,322,1040.739528
41.083927,309,1040.871268
30.541454,330,1041.415587
39.683537,348,1041.95728
40.470543,308,1042.006077
37.66993,311,1042.153307
36.873543,339,1042.804532
38.59873,328,1043.392285
39.63468,324,1043.534522
33.819233,312,1044.13164
-18.22532,600,1044.48005
39.249195,337,1044.791456
42.292217,335,1044.920661
38.594364,354,1045.597798
40.090466,341,1045.879039
39.87605,313,1046.079458
38.464176,324,1046.268741
37.180202,369,1047.199455
36.219822,346,1047.413947
39.761517,334,1047.55598
37.717808,333,1047.725137
38.16768,334,1048.624079
41.877144,352,1048.897002
37.679604,355,1049.066515
38.641277,338,1049.150772
37.86477,381,1050.230224
39.618195,326,1050.267345
38.4143,333,1050.474685
35.40253,363,1050.691818
28.953674,304,1051.51008
37.08033,344,1051.712152
39.504414,335,1051.87595
33.749756,343,1052.125598
33.737522,364,1053.245407
40.359344,353,1053.365386
33.373634,372,1053.726429
13.425892,600,1054.051975
35.691807,350,1054.755328
36.84602,353,1054.874496
37.053566,349,1055.186351
34.913074,335,1055.467969
36.482235,349,1056.198838
35.82871,355,1056.351889
39.64674,382,1058.023772
41.773254,346,1058.144689
37.051647,345,1059.124888
38.938515,324,1059.507951
40.844994,368,1059.825188
20.544483,600,1060.097377
38.943115,348,1060.653237
33.54151,343,1061.000173
37.61246,332,1061.270981
36.711372,319,1061.560261
40.7961,322,1062.146244
36.94776,325,1062.771649
30.707115,343,1063.065603
39.13425,353,1063.660688
47.783806,600,1063.662093
38.918293,343,1064.235246
40.75122,344,1064.577579
37.63103,324,1065.160927
39.650616,349,1065.309863
38.405167,349,1065.879961
35.85802,318,1066.055707
42.116367,321,1066.623439
25.276417,337,1066.829417
38.484325,333,1067.464961
38.409344,330,1067.624552
41.63321,322,1068.338166
35.569435,346,1069.087931
37.262768,325,1069.166085
-10.607475,600,1069.485636
35.507717,339,1069.941499
38.681812,311,1070.58703
44.702118,335,1070.637161
39.5243,338,1071.00111
39.62812,337,1071.458139
32.14753,324,1072.051775
42.65587,333,1072.48598
41.421604,339,1072.995093
20.80645,600,1073.269891
37.867313,321,1073.514
38.243793,334,1074.007395
39.574085,327,1074.494119
40.159866,342,1074.827882
39.186974,321,1074.962104
40.616837,387,1075.741002
38.769012,349,1076.012252
38.546467,342,1076.307812
40.069054,353,1076.546454
39.537235,349,1077.702425
38.348488,350,1078.0333
35.696434,313,1078.075007
19.392925,600,1078.638235
41.162033,355,1079.3479
37.881893,309,1079.458471
40.277985,315,1079.530012
29.339764,320,1080.086703
37.781006,347,1080.916788
43.16642,330,1080.955026
41.19787,373,1081.208398
39.52485,327,1081.495445
40.846233,328,1082.914223
-2.6778276,600,1083.576504
23.047153,600,1083.611331
0.075794846,600,1083.856383
40.30546,323,1084.35372
40.383167,344,1085.026464
36.032906,346,1085.059409
42.479084,331,1085.233666
39.967762,354,1085.867974
38.295986,342,1086.513362
39.49754,359,1086.635374
37.917877,338,1086.722568
35.84295,352,1087.412559
43.267857,334,1087.997324
34.263603,359,1088.256866
41.334347,343,1088.274657
36.105377,307,1088.886071
38.22226,326,1089.503919
33.790768,335,1089.756028
39.287434,340,1089.80525
42.462166,340,1090.342495
43.359283,299,1090.787847
38.95985,343,1091.219759
39.36318,362,1091.335607
35.8215,337,1091.738714
40.28221,333,1092.178786
38.583138,341,1092.639501
43.24459,344,1092.767499
39.902958,340,1093.163482
43.009262,321,1093.520572
34.025753,324,1094.022039
40.407158,323,1094.152729
32.674824,344,1094.617618
41.167923,351,1095.001452
34.88601,344,1095.446409
28.71735,331,1095.526814
37.80548,321,1095.94303
40.87046,334,1096.39774
41.718372,344,1096.998521
37.714775,333,1097.032218
42.235218,334,1097.481624
43.99562,352,1098.006805
38.224014,308,1098.358726
39.30542,353,1098.539445
37.974808,326,1098.886696
36.241734,332,1099.473177
37.09694,328,1099.804866
38.063225,317,1099.914089
41.294174,323,1100.265723
41.42309,318,1100.824771
40.956,333,1101.273915
33.347878,360,1101.533405
37.25863,329,1102.327745
